create database if not exists sda_online_shop;
use sda_online_shop;
create table if not exists address(
addressId int NOT NULL auto_increment,
Country varchar(45) NOT NULL,
City varchar(45) NOT NULL,
PostalCode varchar(45) NOT NULL,
Street varchar(45) NOT NULL,
PRIMARY KEY (addressId) 
);
create table if not exists delivery(
deliveryId  int NOT NULL auto_increment,
`name` varchar(45) NOT NULL,
deliveryCost int NOT NULL,
PRIMARY KEY (deliveryId)
);
create table if not exists login(
accountId int NOT NULL auto_increment,
userName  varchar(45) NOT NULL UNIQUE,
`password`  varchar(45) NOT NULL,
PRIMARY KEY (accountId)
);
create table if not exists `storage`(
productCode varchar(45) NOT NULL UNIQUE,
available_quantity int NOT NULL,
PRIMARY KEY (productCode)
);
create table if not exists product(
productId int NOT NULL auto_increment,
`type`  varchar(45) NOT NULL,
color  varchar(45) NOT NULL,
size  varchar(45) NOT NULL,
productCode varchar(45) NOT NULL,
price int NOT NULL,
PRIMARY KEY (productId),
FOREIGN KEY(productcode) REFERENCES storage(productcode)
);
create table if not exists customer(
customerId int NOT NULL auto_increment,
first_name  varchar(45) NOT NULL,
last_name  varchar(45) NOT NULL,
email  varchar(45) NOT NULL,
telephone  varchar(45) NOT NULL,
addressId  int NOT NULL,
accountId int NOT NULL,
PRIMARY KEY (customerId),
FOREIGN KEY(addressId) REFERENCES address(addressId),
FOREIGN KEY(accountId) REFERENCES login(accountId)
);
create table if not exists `order`(
orderId  int NOT NULL,
customerId int,
deliveryId int,
productId int NOT NULL,
PRIMARY KEY (orderId),
FOREIGN KEY(customerId) REFERENCES customer(customerId),
FOREIGN KEY(deliveryId) REFERENCES delivery(deliveryId),
FOREIGN KEY(productId) REFERENCES product(productId)
);
insert into delivery 
values
(null,'DHL',20),
(null,'FEDEX',30),
(null,'UPS',25);
insert into `storage` 
values
('0JNS00XS00RD',10),
('0JNS00SS00RD',13),
('0JNS00MM00RD',3),
('0JNS00LL00RD',9),
('0JNS00XL00RD',0),
('0JNS00XS00GN',10),
('0JNS00SS00GN',5),
('0JNS00MM00GN',11),
('0JNS00LL00GN',1),
('0JNS00XL00GN',12),
('0JNS00XS00BK',7),
('0JNS00SS00BK',13),
('0JNS00MM00BK',3),
('0JNS00LL00BK',9),
('0JNS00XL00BK',4),
('0JNS00XS00YW',15),
('0JNS00SS00YW',5),
('0JNS00MM00YW',11),
('0JNS00LL00YW',1),
('0JNS00XL00YW',12),
('0JNS00XS00WE',7),
('0JNS00SS00WE',13),
('0JNS00MM00WE',3),
('0JNS00LL00WE',9),
('0JNS00XL00WE',4),
('0JNS00XS00BE',15),
('0JNS00SS00BE',5),
('0JNS00MM00BE',11),
('0JNS00LL00BE',1),
('0JNS00XL00BE',12),
('0SHT00XS00RD',7),
('0SHT00SS00RD',13),
('0SHT00MM00RD',3),
('0SHT00LL00RD',9),
('0SHT00XL00RD',4),
('0SHT00XS00GN',15),
('0SHT00SS00GN',5),
('0SHT00MM00GN',11),
('0SHT00LL00GN',1),
('0SHT00XL00GN',12),
('0SHT00XS00BK',7),
('0SHT00SS00BK',13),
('0SHT00MM00BK',3),
('0SHT00LL00BK',9),
('0SHT00XL00BK',4),
('0SHT00XS00YW',15),
('0SHT00SS00YW',5),
('0SHT00MM00YW',11),
('0SHT00LL00YW',1),
('0SHT00XL00YW',12),
('0SHT00XS00WE',7),
('0SHT00SS00WE',13),
('0SHT00MM00WE',3),
('0SHT00LL00WE',9),
('0SHT00XL00WE',4),
('0SHT00XS00BE',15),
('0SHT00SS00BE',5),
('0SHT00MM00BE',11),
('0SHT00LL00BE',1),
('0SHT00XL00BE',12),
('0TST00XS00RD',7),
('0TST00SS00RD',13),
('0TST00MM00RD',3),
('0TST00LL00RD',9),
('0TST00XL00RD',4),
('0TST00XS00GN',15),
('0TST00SS00GN',5),
('0TST00MM00GN',11),
('0TST00LL00GN',1),
('0TST00XL00GN',12),
('0TST00XS00BK',7),
('0TST00SS00BK',13),
('0TST00MM00BK',3),
('0TST00LL00BK',9),
('0TST00XL00BK',4),
('0TST00XS00YW',15),
('0TST00SS00YW',5),
('0TST00MM00YW',11),
('0TST00LL00YW',1),
('0TST00XL00YW',12),
('0TST00XS00WE',7),
('0TST00SS00WE',13),
('0TST00MM00WE',3),
('0TST00LL00WE',9),
('0TST00XL00WE',4),
('0TST00XS00BE',15),
('0TST00SS00BE',5),
('0TST00MM00BE',11),
('0TST00LL00BE',1),
('0TST00XL00BE',12),
('0SKT00XS00RD',7),
('0SKT00SS00RD',13),
('0SKT00MM00RD',3),
('0SKT00LL00RD',9),
('0SKT00XL00RD',4),
('0SKT00XS00GN',15),
('0SKT00SS00GN',5),
('0SKT00MM00GN',11),
('0SKT00LL00GN',1),
('0SKT00XL00GN',12),
('0SKT00XS00BK',7),
('0SKT00SS00BK',13),
('0SKT00MM00BK',3),
('0SKT00LL00BK',9),
('0SKT00XL00BK',4),
('0SKT00XS00YW',15),
('0SKT00SS00YW',5),
('0SKT00MM00YW',11),
('0SKT00LL00YW',1),
('0SKT00XL00YW',12),
('0SKT00XS00WE',7),
('0SKT00SS00WE',13),
('0SKT00MM00WE',3),
('0SKT00LL00WE',9),
('0SKT00XL00WE',4),
('0SKT00XS00BE',15),
('0SKT00SS00BE',5),
('0SKT00MM00BE',11),
('0SKT00LL00BE',1),
('0SKT00XL00BE',12),
('0TRS00XS00RD',7),
('0TRS00SS00RD',13),
('0TRS00MM00RD',3),
('0TRS00LL00RD',9),
('0TRS00XL00RD',4),
('0TRS00XS00GN',15),
('0TRS00SS00GN',5),
('0TRS00MM00GN',11),
('0TRS00LL00GN',1),
('0TRS00XL00GN',12),
('0TRS00XS00BK',7),
('0TRS00SS00BK',13),
('0TRS00MM00BK',3),
('0TRS00LL00BK',9),
('0TRS00XL00BK',4),
('0TRS00XS00YW',15),
('0TRS00SS00YW',5),
('0TRS00MM00YW',11),
('0TRS00LL00YW',1),
('0TRS00XL00YW',12),
('0TRS00XS00WE',7),
('0TRS00SS00WE',13),
('0TRS00MM00WE',3),
('0TRS00LL00WE',9),
('0TRS00XL00WE',4),
('0TRS00XS00BE',15),
('0TRS00SS00BE',5),
('0TRS00MM00BE',11),
('0TRS00LL00BE',1),
('0TRS00XL00BE',12),
('0JKT00XS00RD',7),
('0JKT00SS00RD',13),
('0JKT00MM00RD',3),
('0JKT00LL00RD',9),
('0JKT00XL00RD',4),
('0JKT00XS00GN',15),
('0JKT00SS00GN',5),
('0JKT00MM00GN',11),
('0JKT00LL00GN',1),
('0JKT00XL00GN',12),
('0JKT00XS00BK',7),
('0JKT00SS00BK',13),
('0JKT00MM00BK',3),
('0JKT00LL00BK',9),
('0JKT00XL00BK',4),
('0JKT00XS00YW',15),
('0JKT00SS00YW',5),
('0JKT00MM00YW',11),
('0JKT00LL00YW',1),
('0JKT00XL00YW',12),
('0JKT00XS00WE',7),
('0JKT00SS00WE',13),
('0JKT00MM00WE',3),
('0JKT00LL00WE',9),
('0JKT00XL00WE',4),
('0JKT00XS00BE',15),
('0JKT00SS00BE',5),
('0JKT00MM00BE',11),
('0JKT00LL00BE',1),
('0JKT00XL00BE',12),
('0CAT00XS00RD',7),
('0CAT00SS00RD',13),
('0CAT00MM00RD',3),
('0CAT00LL00RD',9),
('0CAT00XL00RD',4),
('0CAT00XS00GN',15),
('0CAT00SS00GN',5),
('0CAT00MM00GN',11),
('0CAT00LL00GN',1),
('0CAT00XL00GN',12),
('0CAT00XS00BK',7),
('0CAT00SS00BK',13),
('0CAT00MM00BK',3),
('0CAT00LL00BK',9),
('0CAT00XL00BK',4),
('0CAT00XS00YW',15),
('0CAT00SS00YW',5),
('0CAT00MM00YW',11),
('0CAT00LL00YW',1),
('0CAT00XL00YW',12),
('0CAT00XS00WE',7),
('0CAT00SS00WE',13),
('0CAT00MM00WE',3),
('0CAT00LL00WE',9),
('0CAT00XL00WE',4),
('0CAT00XS00BE',15),
('0CAT00SS00BE',5),
('0CAT00MM00BE',11),
('0CAT00LL00BE',1),
('0CAT00XL00BE',12);
insert into product 
values
(null,'JEANS','RED','XS','0JNS00XS00RD',40),
(null,'JEANS','RED','S','0JNS00SS00RD',40),
(null,'JEANS','RED','M','0JNS00MM00RD',40),
(null,'JEANS','RED','L','0JNS00LL00RD',40),
(null,'JEANS','RED','XL','0JNS00XL00RD',40),
(null,'JEANS','GREEN','XS','0JNS00XS00GN',40),
(null,'JEANS','GREEN','S','0JNS00SS00GN',40),
(null,'JEANS','GREEN','M','0JNS00MM00GN',40),
(null,'JEANS','GREEN','L','0JNS00LL00GN',40),
(null,'JEANS','GREEN','XL','0JNS00XL00GN',40),
(null,'JEANS','BLACK','XS','0JNS00XS00BK',40),
(null,'JEANS','BLACK','S','0JNS00SS00BK',40),
(null,'JEANS','BLACK','M','0JNS00MM00BK',40),
(null,'JEANS','BLACK','L','0JNS00LL00BK',40),
(null,'JEANS','BLACK','XL','0JNS00XL00BK',40),
(null,'JEANS','YELLOW','XS','0JNS00XS00YW',40),
(null,'JEANS','YELLOW','S','0JNS00SS00YW',40),
(null,'JEANS','YELLOW','M','0JNS00MM00YW',40),
(null,'JEANS','YELLOW','L','0JNS00LL00YW',40),
(null,'JEANS','YELLOW','XL','0JNS00XL00YW',40),
(null,'JEANS','WHITE','XS','0JNS00XS00WE',40),
(null,'JEANS','WHITE','S','0JNS00SS00WE',40),
(null,'JEANS','WHITE','M','0JNS00MM00WE',40),
(null,'JEANS','WHITE','L','0JNS00LL00WE',40),
(null,'JEANS','WHITE','XL','0JNS00XL00WE',40),
(null,'JEANS','BLUE','XS','0JNS00XS00BE',40),
(null,'JEANS','BLUE','S','0JNS00SS00BE',40),
(null,'JEANS','BLUE','M','0JNS00MM00BE',40),
(null,'JEANS','BLUE','L','0JNS00LL00BE',40),
(null,'JEANS','BLUE','XL','0JNS00XL00BE',40),
(null,'SHIRT','RED','XS','0SHT00XS00RD',25),
(null,'SHIRT','RED','S','0SHT00SS00RD',25),
(null,'SHIRT','RED','M','0SHT00MM00RD',25),
(null,'SHIRT','RED','L','0SHT00LL00RD',25),
(null,'SHIRT','RED','XL','0SHT00XL00RD',25),
(null,'SHIRT','GREEN','XS','0SHT00XS00GN',25),
(null,'SHIRT','GREEN','S','0SHT00SS00GN',25),
(null,'SHIRT','GREEN','M','0SHT00MM00GN',25),
(null,'SHIRT','GREEN','L','0SHT00LL00GN',25),
(null,'SHIRT','GREEN','XL','0SHT00XL00GN',25),
(null,'SHIRT','BLACK','XS','0SHT00XS00BK',25),
(null,'SHIRT','BLACK','S','0SHT00SS00BK',25),
(null,'SHIRT','BLACK','M','0SHT00MM00BK',25),
(null,'SHIRT','BLACK','L','0SHT00LL00BK',25),
(null,'SHIRT','BLACK','XL','0SHT00XL00BK',25),
(null,'SHIRT','YELLOW','XS','0SHT00XS00YW',25),
(null,'SHIRT','YELLOW','S','0SHT00SS00YW',25),
(null,'SHIRT','YELLOW','M','0SHT00MM00YW',25),
(null,'SHIRT','YELLOW','L','0SHT00LL00YW',25),
(null,'SHIRT','YELLOW','XL','0SHT00XL00YW',25),
(null,'SHIRT','WHITE','XS','0SHT00XS00WE',25),
(null,'SHIRT','WHITE','S','0SHT00SS00WE',25),
(null,'SHIRT','WHITE','M','0SHT00MM00WE',25),
(null,'SHIRT','WHITE','L','0SHT00LL00WE',25),
(null,'SHIRT','WHITE','XL','0SHT00XL00WE',25),
(null,'SHIRT','BLUE','XS','0SHT00XS00BE',25),
(null,'SHIRT','BLUE','S','0SHT00SS00BE',25),
(null,'SHIRT','BLUE','M','0SHT00MM00BE',25),
(null,'SHIRT','BLUE','L','0SHT00LL00BE',25),
(null,'SHIRT','BLUE','XL','0SHT00XL00BE',25),
(null,'T-SHIRT','RED','XS','0TST00XS00RD',15),
(null,'T-SHIRT','RED','S','0TST00SS00RD',15),
(null,'T-SHIRT','RED','M','0TST00MM00RD',15),
(null,'T-SHIRT','RED','L','0TST00LL00RD',15),
(null,'T-SHIRT','RED','XL','0TST00XL00RD',15),
(null,'T-SHIRT','GREEN','XS','0TST00XS00GN',15),
(null,'T-SHIRT','GREEN','S','0TST00SS00GN',15),
(null,'T-SHIRT','GREEN','M','0TST00MM00GN',15),
(null,'T-SHIRT','GREEN','L','0TST00LL00GN',15),
(null,'T-SHIRT','GREEN','XL','0TST00XL00GN',15),
(null,'T-SHIRT','BLACK','XS','0TST00XS00BK',15),
(null,'T-SHIRT','BLACK','S','0TST00SS00BK',15),
(null,'T-SHIRT','BLACK','M','0TST00MM00BK',15),
(null,'T-SHIRT','BLACK','L','0TST00LL00BK',15),
(null,'T-SHIRT','BLACK','XL','0TST00XL00BK',15),
(null,'T-SHIRT','YELLOW','XS','0TST00XS00YW',15),
(null,'T-SHIRT','YELLOW','S','0TST00SS00YW',15),
(null,'T-SHIRT','YELLOW','M','0TST00MM00YW',15),
(null,'T-SHIRT','YELLOW','L','0TST00LL00YW',15),
(null,'T-SHIRT','YELLOW','XL','0TST00XL00YW',15),
(null,'T-SHIRT','WHITE','XS','0TST00XS00WE',15),
(null,'T-SHIRT','WHITE','S','0TST00SS00WE',15),
(null,'T-SHIRT','WHITE','M','0TST00MM00WE',15),
(null,'T-SHIRT','WHITE','L','0TST00LL00WE',15),
(null,'T-SHIRT','WHITE','XL','0TST00XL00WE',15),
(null,'T-SHIRT','BLUE','XS','0TST00XS00BE',15),
(null,'T-SHIRT','BLUE','S','0TST00SS00BE',15),
(null,'T-SHIRT','BLUE','M','0TST00MM00BE',15),
(null,'T-SHIRT','BLUE','L','0TST00LL00BE',15),
(null,'T-SHIRT','BLUE','XL','0TST00XL00BE',15),
(null,'SKIRT','RED','XS','0SKT00XS00RD',40),
(null,'SKIRT','RED','S','0SKT00SS00RD',40),
(null,'SKIRT','RED','M','0SKT00MM00RD',40),
(null,'SKIRT','RED','L','0SKT00LL00RD',40),
(null,'SKIRT','RED','XL','0SKT00XL00RD',40),
(null,'SKIRT','GREEN','XS','0SKT00XS00GN',40),
(null,'SKIRT','GREEN','S','0SKT00SS00GN',40),
(null,'SKIRT','GREEN','M','0SKT00MM00GN',40),
(null,'SKIRT','GREEN','L','0SKT00LL00GN',40),
(null,'SKIRT','GREEN','XL','0SKT00XL00GN',40),
(null,'SKIRT','BLACK','XS','0SKT00XS00BK',40),
(null,'SKIRT','BLACK','S','0SKT00SS00BK',40),
(null,'SKIRT','BLACK','M','0SKT00MM00BK',40),
(null,'SKIRT','BLACK','L','0SKT00LL00BK',40),
(null,'SKIRT','BLACK','XL','0SKT00XL00BK',40),
(null,'SKIRT','YELLOW','XS','0SKT00XS00YW',40),
(null,'SKIRT','YELLOW','S','0SKT00SS00YW',40),
(null,'SKIRT','YELLOW','M','0SKT00MM00YW',40),
(null,'SKIRT','YELLOW','L','0SKT00LL00YW',40),
(null,'SKIRT','YELLOW','XL','0SKT00XL00YW',40),
(null,'SKIRT','WHITE','XS','0SKT00XS00WE',40),
(null,'SKIRT','WHITE','S','0SKT00SS00WE',40),
(null,'SKIRT','WHITE','M','0SKT00MM00WE',40),
(null,'SKIRT','WHITE','L','0SKT00LL00WE',40),
(null,'SKIRT','WHITE','XL','0SKT00XL00WE',40),
(null,'SKIRT','BLUE','XS','0SKT00XS00BE',40),
(null,'SKIRT','BLUE','S','0SKT00SS00BE',40),
(null,'SKIRT','BLUE','M','0SKT00MM00BE',40),
(null,'SKIRT','BLUE','L','0SKT00LL00BE',40),
(null,'SKIRT','BLUE','XL','0SKT00XL00BE',40),
(null,'TROUSERS','RED','XS','0TRS00XS00RD',45),
(null,'TROUSERS','RED','S','0TRS00SS00RD',45),
(null,'TROUSERS','RED','M','0TRS00MM00RD',45),
(null,'TROUSERS','RED','L','0TRS00LL00RD',45),
(null,'TROUSERS','RED','XL','0TRS00XL00RD',45),
(null,'TROUSERS','GREEN','XS','0TRS00XS00GN',45),
(null,'TROUSERS','GREEN','S','0TRS00SS00GN',45),
(null,'TROUSERS','GREEN','M','0TRS00MM00GN',45),
(null,'TROUSERS','GREEN','L','0TRS00LL00GN',45),
(null,'TROUSERS','GREEN','XL','0TRS00XL00GN',45),
(null,'TROUSERS','BLACK','XS','0TRS00XS00BK',45),
(null,'TROUSERS','BLACK','S','0TRS00SS00BK',45),
(null,'TROUSERS','BLACK','M','0TRS00MM00BK',45),
(null,'TROUSERS','BLACK','L','0TRS00LL00BK',45),
(null,'TROUSERS','BLACK','XL','0TRS00XL00BK',45),
(null,'TROUSERS','YELLOW','XS','0TRS00XS00YW',45),
(null,'TROUSERS','YELLOW','S','0TRS00SS00YW',45),
(null,'TROUSERS','YELLOW','M','0TRS00MM00YW',45),
(null,'TROUSERS','YELLOW','L','0TRS00LL00YW',45),
(null,'TROUSERS','YELLOW','XL','0TRS00XL00YW',45),
(null,'TROUSERS','WHITE','XS','0TRS00XS00WE',45),
(null,'TROUSERS','WHITE','S','0TRS00SS00WE',45),
(null,'TROUSERS','WHITE','M','0TRS00MM00WE',45),
(null,'TROUSERS','WHITE','L','0TRS00LL00WE',45),
(null,'TROUSERS','WHITE','XL','0TRS00XL00WE',45),
(null,'TROUSERS','BLUE','XS','0TRS00XS00BE',45),
(null,'TROUSERS','BLUE','S','0TRS00SS00BE',45),
(null,'TROUSERS','BLUE','M','0TRS00MM00BE',45),
(null,'TROUSERS','BLUE','L','0TRS00LL00BE',45),
(null,'TROUSERS','BLUE','XL','0TRS00XL00BE',45),
(null,'JACKET','RED','XS','0JKT00XS00RD',60),
(null,'JACKET','RED','S','0JKT00SS00RD',60),
(null,'JACKET','RED','M','0JKT00MM00RD',60),
(null,'JACKET','RED','L','0JKT00LL00RD',60),
(null,'JACKET','RED','XL','0JKT00XL00RD',60),
(null,'JACKET','GREEN','XS','0JKT00XS00GN',60),
(null,'JACKET','GREEN','S','0JKT00SS00GN',60),
(null,'JACKET','GREEN','M','0JKT00MM00GN',60),
(null,'JACKET','GREEN','L','0JKT00LL00GN',60),
(null,'JACKET','GREEN','XL','0JKT00XL00GN',60),
(null,'JACKET','BLACK','XS','0JKT00XS00BK',60),
(null,'JACKET','BLACK','S','0JKT00SS00BK',60),
(null,'JACKET','BLACK','M','0JKT00MM00BK',60),
(null,'JACKET','BLACK','L','0JKT00LL00BK',60),
(null,'JACKET','BLACK','XL','0JKT00XL00BK',60),
(null,'JACKET','YELLOW','XS','0JKT00XS00YW',60),
(null,'JACKET','YELLOW','S','0JKT00SS00YW',60),
(null,'JACKET','YELLOW','M','0JKT00MM00YW',60),
(null,'JACKET','YELLOW','L','0JKT00LL00YW',60),
(null,'JACKET','YELLOW','XL','0JKT00XL00YW',60),
(null,'JACKET','WHITE','XS','0JKT00XS00WE',60),
(null,'JACKET','WHITE','S','0JKT00SS00WE',60),
(null,'JACKET','WHITE','M','0JKT00MM00WE',60),
(null,'JACKET','WHITE','L','0JKT00LL00WE',60),
(null,'JACKET','WHITE','XL','0JKT00XL00WE',60),
(null,'JACKET','BLUE','XS','0JKT00XS00BE',60),
(null,'JACKET','BLUE','S','0JKT00SS00BE',60),
(null,'JACKET','BLUE','M','0JKT00MM00BE',60),
(null,'JACKET','BLUE','L','0JKT00LL00BE',60),
(null,'JACKET','BLUE','XL','0JKT00XL00BE',60),
(null,'COAT','RED','XS','0CAT00XS00RD',100),
(null,'COAT','RED','S','0CAT00SS00RD',100),
(null,'COAT','RED','M','0CAT00MM00RD',100),
(null,'COAT','RED','L','0CAT00LL00RD',100),
(null,'COAT','RED','XL','0CAT00XL00RD',100),
(null,'COAT','GREEN','XS','0CAT00XS00GN',100),
(null,'COAT','GREEN','S','0CAT00SS00GN',100),
(null,'COAT','GREEN','M','0CAT00MM00GN',100),
(null,'COAT','GREEN','L','0CAT00LL00GN',100),
(null,'COAT','GREEN','XL','0CAT00XL00GN',100),
(null,'COAT','BLACK','XS','0CAT00XS00BK',100),
(null,'COAT','BLACK','S','0CAT00SS00BK',100),
(null,'COAT','BLACK','M','0CAT00MM00BK',100),
(null,'COAT','BLACK','L','0CAT00LL00BK',100),
(null,'COAT','BLACK','XL','0CAT00XL00BK',100),
(null,'COAT','YELLOW','XS','0CAT00XS00YW',100),
(null,'COAT','YELLOW','S','0CAT00SS00YW',100),
(null,'COAT','YELLOW','M','0CAT00MM00YW',100),
(null,'COAT','YELLOW','L','0CAT00LL00YW',100),
(null,'COAT','YELLOW','XL','0CAT00XL00YW',100),
(null,'COAT','WHITE','XS','0CAT00XS00WE',100),
(null,'COAT','WHITE','S','0CAT00SS00WE',100),
(null,'COAT','WHITE','M','0CAT00MM00WE',100),
(null,'COAT','WHITE','L','0CAT00LL00WE',100),
(null,'COAT','WHITE','XL','0CAT00XL00WE',100),
(null,'COAT','BLUE','XS','0CAT00XS00BE',100),
(null,'COAT','BLUE','S','0CAT00SS00BE',100),
(null,'COAT','BLUE','M','0CAT00MM00BE',100),
(null,'COAT','BLUE','L','0CAT00LL00BE',100),
(null,'COAT','BLUE','XL','0CAT00XL00BE',100);
insert into login 
values
(null,'Leo','Leo'),
(null,'Mikael','Mikael');
insert into address
values
(null,'Estonia','Tallin','10145','Maakri 19/1'),
(null,'Poland','Gdynia','81-451','aleja Zwyciestwa 96/98'),
(null,'Italy','Rome','00186','Via del Corso 114/115');
insert into customer
values
(null,'Leo','Lorusso','leo@gmail.com','+481234567',1,1),
(null,'Mikael','Gael','Mikael@gmail.com','+372123456',2,2);
insert into `order`
values
(1,1,1,1),
(2,2,2,2);